Accion|RMSE|MAE|Modelo
BCOLOMBIA|0.03677|0.03037|SVR
BOGOTA|0.03556|0.02971|SVR
BVC|0.02446|0.0189|SVR
CELSIA|0.03678|0.03206|SVR
CEMARGOS|0.04485|0.03618|SVR
CLH|0.0508|0.04306|SVR
CNEC|0.03368|0.02745|SVR
CORFICOLCF|0.03027|0.02282|SVR
ECOPETROL|0.03694|0.03055|SVR
EXITO|0.03836|0.03235|SVR
GRUPOARGOS|0.03306|0.02618|SVR
GRUPOAVAL|0.01886|0.01374|SVR
GRUPOSURA|0.03011|0.02359|SVR
ISA|0.03984|0.02993|SVR
NUTRESA|0.04345|0.03686|SVR
PFAVAL|0.03819|0.0308|SVR
PFCEMARGOS|0.03916|0.03091|SVR
PFCORFICOL|0.02404|0.01757|SVR
PFDAVVNDA|0.02843|0.02277|SVR
PFGRUPOARG|0.037|0.02825|SVR
PFGRUPSURA|0.03355|0.02545|SVR
BCOLOMBIA|0.03295|0.0261|XGB
BOGOTA|0.03318|0.02577|XGB
BVC|0.02695|0.02063|XGB
CELSIA|0.02279|0.01817|XGB
CEMARGOS|0.04839|0.03914|XGB
CLH|0.05612|0.05135|XGB
CNEC|0.02536|0.02072|XGB
CORFICOLCF|0.03049|0.02277|XGB
ECOPETROL|0.04099|0.0329|XGB
EXITO|0.03715|0.02943|XGB
GRUPOARGOS|0.03668|0.02738|XGB
GRUPOAVAL|0.01946|0.01443|XGB
GRUPOSURA|0.03252|0.02462|XGB
ISA|0.03154|0.02439|XGB
NUTRESA|0.03886|0.03425|XGB
PFAVAL|0.03243|0.02573|XGB
PFCEMARGOS|0.03761|0.0304|XGB
PFCORFICOL|0.0238|0.01769|XGB
PFDAVVNDA|0.02644|0.02072|XGB
PFGRUPOARG|0.0387|0.02802|XGB
PFGRUPSURA|0.03385|0.02406|XGB
BCOLOMBIA|0.0225159634828969|0.0137656733189741|Red Neuronal
BOGOTA|0.0283746904925384|0.0134939048586181|Red Neuronal
BVC|0.015183079810314|0.0077183968125961|Red Neuronal
CELSIA|0.0137768954033253|0.0080329854892449|Red Neuronal
CEMARGOS|0.0227014317783656|0.0135337668409219|Red Neuronal
CLH|0.0238864854876553|0.0090019849966232|Red Neuronal
CNEC|0.0159698664224288|0.0099881318060647|Red Neuronal
CORFICOLCF|0.0173957509877954|0.0104349012373695|Red Neuronal
ECOPETROL|0.0276811958132106|0.0167956805372598|Red Neuronal
EXITO|0.0216304579424546|0.0101774800979856|Red Neuronal
GRUPOARGOS|0.0227458024126409|0.0117264806072316|Red Neuronal
GRUPOAVAL|0.0207378974415213|0.0088626352592935|Red Neuronal
GRUPOSURA|0.036776748831455|0.0186416320798204|Red Neuronal
ISA|0.0225760613018405|0.0144566384686196|Red Neuronal
NUTRESA|0.0221375004787245|0.0114945467482376|Red Neuronal
PFAVAL|0.0206218658367915|0.0106088058408756|Red Neuronal
PFCEMARGOS|0.0192735855707466|0.0105934712431889|Red Neuronal
PFCORFICOL|0.0154679795152846|0.0079368202566155|Red Neuronal
PFDAVVNDA|0.0155227756669338|0.0091898718492311|Red Neuronal
PFGRUPOARG|0.0213370803021128|0.0119399016740879|Red Neuronal
PFGRUPSURA|0.0189464051868105|0.0110158233155138|Red Neuronal
