Accion|Modelo|MAE|RMSE
BVC|Red Neuronal|0.0077183968125961|0.015183079810314
PFCORFICOL|Red Neuronal|0.0079368202566155|0.0154679795152846
CELSIA|Red Neuronal|0.0080329854892449|0.0137768954033253
GRUPOAVAL|Red Neuronal|0.0088626352592935|0.0207378974415213
CLH|Red Neuronal|0.0090019849966232|0.0238864854876553
PFDAVVNDA|Red Neuronal|0.0091898718492311|0.0155227756669338
CNEC|Red Neuronal|0.0099881318060647|0.0159698664224288
EXITO|Red Neuronal|0.0101774800979856|0.0216304579424546
CORFICOLCF|Red Neuronal|0.0104349012373695|0.0173957509877954
PFCEMARGOS|Red Neuronal|0.0105934712431889|0.0192735855707466
PFAVAL|Red Neuronal|0.0106088058408756|0.0206218658367915
PFGRUPSURA|Red Neuronal|0.0110158233155138|0.0189464051868105
NUTRESA|Red Neuronal|0.0114945467482376|0.0221375004787245
GRUPOARGOS|Red Neuronal|0.0117264806072316|0.0227458024126409
PFGRUPOARG|Red Neuronal|0.0119399016740879|0.0213370803021128
BOGOTA|Red Neuronal|0.0134939048586181|0.0283746904925384
CEMARGOS|Red Neuronal|0.0135337668409219|0.0227014317783656
BCOLOMBIA|Red Neuronal|0.0137656733189741|0.0225159634828969
ISA|Red Neuronal|0.0144566384686196|0.0225760613018405
ECOPETROL|Red Neuronal|0.0167956805372598|0.0276811958132106
GRUPOSURA|Red Neuronal|0.0186416320798204|0.036776748831455
