Accion|Modelo|MAE|RMSE
GRUPOAVAL|SVR|0.01374|0.01886
PFCORFICOL|SVR|0.01757|0.02404
CELSIA|XGB|0.01817|0.02279
BVC|SVR|0.0189|0.02446
PFDAVVNDA|XGB|0.02072|0.02644
CNEC|XGB|0.02072|0.02536
CORFICOLCF|XGB|0.02277|0.03049
GRUPOSURA|SVR|0.02359|0.03011
PFGRUPSURA|XGB|0.02406|0.03385
ISA|XGB|0.02439|0.03154
PFAVAL|XGB|0.02573|0.03243
BOGOTA|XGB|0.02577|0.03318
BCOLOMBIA|XGB|0.0261|0.03295
GRUPOARGOS|SVR|0.02618|0.03306
PFGRUPOARG|XGB|0.02802|0.0387
EXITO|XGB|0.02943|0.03715
PFCEMARGOS|XGB|0.0304|0.03761
ECOPETROL|SVR|0.03055|0.03694
NUTRESA|XGB|0.03425|0.03886
CEMARGOS|SVR|0.03618|0.04485
CLH|SVR|0.04306|0.0508
