|PARAMETROS|Serie|Modelo|RMSE|MAE|MAPE|timesteps
0|{'epochs': 500, 'batch_size': 15, 'validation_split': 0.1, 'shuffle': False, 'verbose': 0, 'seed': 1234}|BCOLOMBIA|Red Neuronal|0.022479694222781267|0.01367472985407565|73.0187311969979|10
1|{'epochs': 500, 'batch_size': 15, 'validation_split': 0.1, 'shuffle': False, 'verbose': 0, 'seed': 1234}|BCOLOMBIA|Red Neuronal|0.022515963482896945|0.013765673318974162|82.75942186995512|10
2|{'epochs': 500, 'batch_size': 15, 'validation_split': 0.1, 'shuffle': False, 'verbose': 0, 'seed': 1234}|BOGOTA|Red Neuronal|0.028374690492538403|0.013493904858618153|90.3381448175893|10
3|{'epochs': 500, 'batch_size': 15, 'validation_split': 0.1, 'shuffle': False, 'verbose': 0, 'seed': 1234}|BVC|Red Neuronal|0.015183079810314044|0.007718396812596149|56.201337762343286|10
4|{'epochs': 500, 'batch_size': 15, 'validation_split': 0.1, 'shuffle': False, 'verbose': 0, 'seed': 1234}|CELSIA|Red Neuronal|0.013776895403325388|0.008032985489244948|91.36851519381075|10
5|{'epochs': 500, 'batch_size': 15, 'validation_split': 0.1, 'shuffle': False, 'verbose': 0, 'seed': 1234}|CEMARGOS|Red Neuronal|0.022701431778365675|0.013533766840921942|71.89384653649803|10
6|{'epochs': 500, 'batch_size': 15, 'validation_split': 0.1, 'shuffle': False, 'verbose': 0, 'seed': 1234}|CLH|Red Neuronal|0.023886485487655363|0.009001984996623273|7871.356898177674|10
7|{'epochs': 500, 'batch_size': 15, 'validation_split': 0.1, 'shuffle': False, 'verbose': 0, 'seed': 1234}|CNEC|Red Neuronal|0.015969866422428827|0.009988131806064778|73.18598792260202|10
8|{'epochs': 500, 'batch_size': 15, 'validation_split': 0.1, 'shuffle': False, 'verbose': 0, 'seed': 1234}|CORFICOLCF|Red Neuronal|0.01739575098779543|0.010434901237369515|97.0766906108938|10
9|{'epochs': 500, 'batch_size': 15, 'validation_split': 0.1, 'shuffle': False, 'verbose': 0, 'seed': 1234}|ECOPETROL|Red Neuronal|0.027681195813210685|0.016795680537259817|96.7164302926431|10
10|{'epochs': 500, 'batch_size': 15, 'validation_split': 0.1, 'shuffle': False, 'verbose': 0, 'seed': 1234}|EXITO|Red Neuronal|0.021630457942454644|0.010177480097985622|51.99610733531229|10
11|{'epochs': 500, 'batch_size': 15, 'validation_split': 0.1, 'shuffle': False, 'verbose': 0, 'seed': 1234}|GRUPOARGOS|Red Neuronal|0.02274580241264093|0.011726480607231629|89.06556304497778|10
12|{'epochs': 500, 'batch_size': 15, 'validation_split': 0.1, 'shuffle': False, 'verbose': 0, 'seed': 1234}|GRUPOAVAL|Red Neuronal|0.020737897441521328|0.008862635259293573|50.55746614446347|10
13|{'epochs': 500, 'batch_size': 15, 'validation_split': 0.1, 'shuffle': False, 'verbose': 0, 'seed': 1234}|GRUPOSURA|Red Neuronal|0.03677674883145509|0.01864163207982047|187.60681936402668|10
14|{'epochs': 500, 'batch_size': 15, 'validation_split': 0.1, 'shuffle': False, 'verbose': 0, 'seed': 1234}|ISA|Red Neuronal|0.022576061301840575|0.014456638468619647|89.79115866996777|10
15|{'epochs': 500, 'batch_size': 15, 'validation_split': 0.1, 'shuffle': False, 'verbose': 0, 'seed': 1234}|NUTRESA|Red Neuronal|0.02213750047872458|0.011494546748237676|211.72405776007065|10
16|{'epochs': 500, 'batch_size': 15, 'validation_split': 0.1, 'shuffle': False, 'verbose': 0, 'seed': 1234}|PFAVAL|Red Neuronal|0.020621865836791504|0.010608805840875613|66.04001874615737|10
17|{'epochs': 500, 'batch_size': 15, 'validation_split': 0.1, 'shuffle': False, 'verbose': 0, 'seed': 1234}|PFCEMARGOS|Red Neuronal|0.019273585570746644|0.01059347124318891|61.37073945913417|10
18|{'epochs': 500, 'batch_size': 15, 'validation_split': 0.1, 'shuffle': False, 'verbose': 0, 'seed': 1234}|PFCORFICOL|Red Neuronal|0.015467979515284669|0.007936820256615547|52.75087109289238|10
19|{'epochs': 500, 'batch_size': 15, 'validation_split': 0.1, 'shuffle': False, 'verbose': 0, 'seed': 1234}|PFDAVVNDA|Red Neuronal|0.015522775666933802|0.009189871849231139|120.79461841451827|10
20|{'epochs': 500, 'batch_size': 15, 'validation_split': 0.1, 'shuffle': False, 'verbose': 0, 'seed': 1234}|PFGRUPOARG|Red Neuronal|0.02133708030211287|0.011939901674087934|82.81428760788755|10
21|{'epochs': 500, 'batch_size': 15, 'validation_split': 0.1, 'shuffle': False, 'verbose': 0, 'seed': 1234}|PFGRUPSURA|Red Neuronal|0.0189464051868105|0.011015823315513831|84.12761900229462|10
