{"Serie": "BCOLOMBIA", "Modelo": "Red Neuronal", "RMSE": 0.022479694222781267, "MAE": 0.01367472985407565, "MAPE": 73.0187311969979, "PARAMETROS XGB": {"epochs": 500, "batch_size": 15, "validation_split": 0.1, "shuffle": false, "verbose": 0, "seed": 1234}}
{"Serie": "BCOLOMBIA", "Modelo": "Red Neuronal", "RMSE": 0.022515963482896945, "MAE": 0.013765673318974162, "MAPE": 82.75942186995512, "PARAMETROS XGB": {"epochs": 500, "batch_size": 15, "validation_split": 0.1, "shuffle": false, "verbose": 0, "seed": 1234}}
{"Serie": "BOGOTA", "Modelo": "Red Neuronal", "RMSE": 0.028374690492538403, "MAE": 0.013493904858618153, "MAPE": 90.3381448175893, "PARAMETROS XGB": {"epochs": 500, "batch_size": 15, "validation_split": 0.1, "shuffle": false, "verbose": 0, "seed": 1234}}
{"Serie": "BVC", "Modelo": "Red Neuronal", "RMSE": 0.015183079810314044, "MAE": 0.007718396812596149, "MAPE": 56.201337762343286, "PARAMETROS XGB": {"epochs": 500, "batch_size": 15, "validation_split": 0.1, "shuffle": false, "verbose": 0, "seed": 1234}}
{"Serie": "CELSIA", "Modelo": "Red Neuronal", "RMSE": 0.013776895403325388, "MAE": 0.008032985489244948, "MAPE": 91.36851519381075, "PARAMETROS XGB": {"epochs": 500, "batch_size": 15, "validation_split": 0.1, "shuffle": false, "verbose": 0, "seed": 1234}}
{"Serie": "CEMARGOS", "Modelo": "Red Neuronal", "RMSE": 0.022701431778365675, "MAE": 0.013533766840921942, "MAPE": 71.89384653649803, "PARAMETROS XGB": {"epochs": 500, "batch_size": 15, "validation_split": 0.1, "shuffle": false, "verbose": 0, "seed": 1234}}
{"Serie": "CLH", "Modelo": "Red Neuronal", "RMSE": 0.023886485487655363, "MAE": 0.009001984996623273, "MAPE": 7871.356898177674, "PARAMETROS XGB": {"epochs": 500, "batch_size": 15, "validation_split": 0.1, "shuffle": false, "verbose": 0, "seed": 1234}}
{"Serie": "CNEC", "Modelo": "Red Neuronal", "RMSE": 0.015969866422428827, "MAE": 0.009988131806064778, "MAPE": 73.18598792260202, "PARAMETROS XGB": {"epochs": 500, "batch_size": 15, "validation_split": 0.1, "shuffle": false, "verbose": 0, "seed": 1234}}
{"Serie": "CORFICOLCF", "Modelo": "Red Neuronal", "RMSE": 0.01739575098779543, "MAE": 0.010434901237369515, "MAPE": 97.0766906108938, "PARAMETROS XGB": {"epochs": 500, "batch_size": 15, "validation_split": 0.1, "shuffle": false, "verbose": 0, "seed": 1234}}
{"Serie": "ECOPETROL", "Modelo": "Red Neuronal", "RMSE": 0.027681195813210685, "MAE": 0.016795680537259817, "MAPE": 96.7164302926431, "PARAMETROS XGB": {"epochs": 500, "batch_size": 15, "validation_split": 0.1, "shuffle": false, "verbose": 0, "seed": 1234}}
{"Serie": "EXITO", "Modelo": "Red Neuronal", "RMSE": 0.021630457942454644, "MAE": 0.010177480097985622, "MAPE": 51.99610733531229, "PARAMETROS XGB": {"epochs": 500, "batch_size": 15, "validation_split": 0.1, "shuffle": false, "verbose": 0, "seed": 1234}}
{"Serie": "GRUPOARGOS", "Modelo": "Red Neuronal", "RMSE": 0.02274580241264093, "MAE": 0.011726480607231629, "MAPE": 89.06556304497778, "PARAMETROS XGB": {"epochs": 500, "batch_size": 15, "validation_split": 0.1, "shuffle": false, "verbose": 0, "seed": 1234}}
{"Serie": "GRUPOAVAL", "Modelo": "Red Neuronal", "RMSE": 0.020737897441521328, "MAE": 0.008862635259293573, "MAPE": 50.55746614446347, "PARAMETROS XGB": {"epochs": 500, "batch_size": 15, "validation_split": 0.1, "shuffle": false, "verbose": 0, "seed": 1234}}
{"Serie": "GRUPOSURA", "Modelo": "Red Neuronal", "RMSE": 0.03677674883145509, "MAE": 0.01864163207982047, "MAPE": 187.60681936402668, "PARAMETROS XGB": {"epochs": 500, "batch_size": 15, "validation_split": 0.1, "shuffle": false, "verbose": 0, "seed": 1234}}
{"Serie": "ISA", "Modelo": "Red Neuronal", "RMSE": 0.022576061301840575, "MAE": 0.014456638468619647, "MAPE": 89.79115866996777, "PARAMETROS XGB": {"epochs": 500, "batch_size": 15, "validation_split": 0.1, "shuffle": false, "verbose": 0, "seed": 1234}}
{"Serie": "NUTRESA", "Modelo": "Red Neuronal", "RMSE": 0.02213750047872458, "MAE": 0.011494546748237676, "MAPE": 211.72405776007065, "PARAMETROS XGB": {"epochs": 500, "batch_size": 15, "validation_split": 0.1, "shuffle": false, "verbose": 0, "seed": 1234}}
{"Serie": "PFAVAL", "Modelo": "Red Neuronal", "RMSE": 0.020621865836791504, "MAE": 0.010608805840875613, "MAPE": 66.04001874615737, "PARAMETROS XGB": {"epochs": 500, "batch_size": 15, "validation_split": 0.1, "shuffle": false, "verbose": 0, "seed": 1234}}
{"Serie": "PFCEMARGOS", "Modelo": "Red Neuronal", "RMSE": 0.019273585570746644, "MAE": 0.01059347124318891, "MAPE": 61.37073945913417, "PARAMETROS XGB": {"epochs": 500, "batch_size": 15, "validation_split": 0.1, "shuffle": false, "verbose": 0, "seed": 1234}}
{"Serie": "PFCORFICOL", "Modelo": "Red Neuronal", "RMSE": 0.015467979515284669, "MAE": 0.007936820256615547, "MAPE": 52.75087109289238, "PARAMETROS XGB": {"epochs": 500, "batch_size": 15, "validation_split": 0.1, "shuffle": false, "verbose": 0, "seed": 1234}}
{"Serie": "PFDAVVNDA", "Modelo": "Red Neuronal", "RMSE": 0.015522775666933802, "MAE": 0.009189871849231139, "MAPE": 120.79461841451827, "PARAMETROS XGB": {"epochs": 500, "batch_size": 15, "validation_split": 0.1, "shuffle": false, "verbose": 0, "seed": 1234}}
{"Serie": "PFGRUPOARG", "Modelo": "Red Neuronal", "RMSE": 0.02133708030211287, "MAE": 0.011939901674087934, "MAPE": 82.81428760788755, "PARAMETROS XGB": {"epochs": 500, "batch_size": 15, "validation_split": 0.1, "shuffle": false, "verbose": 0, "seed": 1234}}
{"Serie": "PFGRUPSURA", "Modelo": "Red Neuronal", "RMSE": 0.0189464051868105, "MAE": 0.011015823315513831, "MAPE": 84.12761900229462, "PARAMETROS XGB": {"epochs": 500, "batch_size": 15, "validation_split": 0.1, "shuffle": false, "verbose": 0, "seed": 1234}}
